{"\uae30\ud0c0A/\ubbf9\uc2a4\uacac (5kg \uc774\ud558)": 1101, "\uae30\ud0c0B/\ubbf9\uc2a4\uacac (5kg \ucd08\uacfc 12kg \ubbf8\ub9cc)": 1102, "\ub178\ub9ac\uce58\ud14c\ub9ac\uc5b4": 1103, "\ub178\ub974\ud3ec\ud06c\ud14c\ub9ac\uc5b4": 1104, "\ub2e5\uc2a4\ud6c8\ud2b8": 1105, "\ub304\ub514\ub518\ubaac\ud14c\ub9ac\uc5b4": 1106, "\ub77c\uc0ac\uc555\uc18c": 1107, "\ub808\uc774\ud06c\ub79c\ub4dc\ud14c\ub9ac\uc5b4": 1108, "\ub9d0\ud2f0\uc988 (\ubab0\ud2f0\uc988)": 1109, "\ubbf8\ub2c8\uc5b4\ucc98\ub2e5\uc2a4\ud6c8\ud2b8": 1110, "\ubbf8\ub2c8\uc5b4\ucc98\ubd88\ud14c\ub9ac\uc5b4": 1111, "\ubbf8\ub2c8\uc5b4\ucc98\uc288\ub098\uc6b0\uc800": 1112, "\ubbf8\ub2c8\uc5b4\ucc98\ud478\ub4e4": 1113, "\ubbf8\ub2c8\uc5b4\ucc98\ud540\uc154": 1114, "\ubc14\uc13c\uc9c0": 1115, "\ubca0\ub4e4\ub9c1\ud134\ud14c\ub9ac\uc5b4": 1116, "\ubcf4\uc2a4\ud134\ud14c\ub9ac\uc5b4": 1117, "\ubcfc\ub85c\uadf8\ub124\uc81c": 1118, "\ube0c\ub93c\uc140\uadf8\ub9ac\ud380": 1119, "\ube44\uae00": 1120, "\ube44\uc211\ud504\ub9ac\uc81c": 1121, "\uc154\ud2c0\ub79c\ub4dc\uc27d\ub3c5": 1122, "\uc2a4\ucf54\ud2f0\uc2dc\ud14c\ub9ac\uc5b4": 1123, "\uc2a4\ud0a4\ud37c\ud0a4": 1124, "\uc2dc\ubc14 (\uc2dc\ubc14\uc774\ub204)": 1125, "\uc2dc\ucd94 (\uc2dc\uce04)": 1126, "\uc2e4\ub9ac\ud584\ud14c\ub9ac\uc5b4": 1127, "\uc694\ud06c\uc154\ud14c\ub9ac\uc5b4": 1128, "\uc6e8\uc2a4\ud2b8\ud558\uc774\ub79c\ub4dc\ud654\uc774\ud2b8\ud14c\ub9ac\uc5b4": 1129, "\uc6f0\uc2dc\ucf54\uae30 (\uc6f0\uc2dc\ucf54\uae30\ud3a8\ube0c\ub85d)": 1130, "\uc6f0\uc2dc\ud14c\ub9ac\uc5b4": 1131, "\uc774\ud0c8\ub9ac\uc548\uadf8\ub808\uc774\ud558\uc6b4\ub4dc": 1132, "\uc7ad\ub7ec\uc140\ud14c\ub9ac\uc5b4": 1133, "\uc81c\ud398\ub2c8\uc988\uc2a4\ud53c\uce20": 1134, "\uc81c\ud328\ub2c8\uc988\uce6d": 1135, "\uc81c\ud398\ub2c8\uc988\ud14c\ub9ac\uc5b4": 1136, "\ucc28\uc774\ub2c8\uc988\ud06c\ub798\uc2a4\ud2f0\ub4dc\ub3c5": 1137, "\uce58\uc640\uc640": 1138, "\uc6f0\uc2dc\ucf54\uae30\uce74\ub514\uac74": 1139, "\uce90\ubc1c\ub9ac\uc544\ud0b9\ucc30\uc2a4\uc2a4\ud30c\ub2c8\uc5d8": 1140, "\ucf00\uc5b8\ud14c\ub9ac\uc5b4": 1141, "\ucfe0\uc774\ucee4\ud63c\uc81c": 1142, "\ud1a0\uc774\ub9e8\uccb4\uc2a4\ud130\ud14c\ub9ac\uc5b4": 1143, "\ud1a0\uc774\ud478\ub4e4": 1144, "\ud2f0\ubca0\ud0c4\uc2a4\ud30c\ub2c8\uc5d8": 1145, "\ube60\uc090\uc6a9(\ud30c\ud53c\uc6a9, \ucf58\ud2f0\ub128\ud0c8\ud1a0\uc774\uc2a4\ud30c\ub2c8\uc5d8)": 1146, "\ud37c\uadf8": 1147, "\ud328\ud0a4\ub2c8\uc988 (\ud37c\ub2c8\ud0a4\uc988)": 1148, "\ud3ec\uba54\ub77c\ub2c8\uc548": 1149, "\ud3ed\uc2a4\ud14c\ub9ac\uc5b4": 1150, "\uce74\ub2cc\ud5e8\ub2e5\uc2a4\ud6c8\ud2b8": 1151, "\uae30\ud0c0C/\ubbf9\uc2a4\uacac (15kg \ucd08\uacfc 25kg \uc774\ud558)": 1201, "\ubbf8\ub514\uc5c4\ud478\ub4e4": 1202, "\ubcf4\ub354\ucf5c\ub9ac": 1203, "\ubd88\ud14c\ub9ac\uc5b4": 1204, "\ube0c\ub9ac\ud0c0\ub2c8\uc2a4\ud30c\ub2c8\uc5d8": 1205, "\ube44\uc5b4\ub514\ub4dc\ucf5c\ub9ac": 1206, "\uc0bd\uc0b4\uac1c": 1207, "\uc2a4\ud0e0\ub2e4\ub4dc\uc288\ub098\uc6b0\uc800": 1208, "\uc2a4\ud0dc\ud37c\ub4dc\uc154\ubd88\ud14c\ub9ac\uc5b4": 1209, "\uc544\uba54\ub9ac\uce78\uc2a4\ud0dc\ud37c\ub4dc\uc154\ud14c\ub9ac\uc5b4": 1210, "\uc544\uba54\ub9ac\uce78\ucf54\uce74\uc2a4\ud30c\ub2c8\uc5d8": 1211, "\uc544\uc774\ub9ac\uc2dc\ud14c\ub9ac\uc5b4": 1212, "\uc624\uc2a4\ud2b8\ub810\ub9ac\uc548\ucf00\ud2c0\ub3c5": 1213, "\uc789\uae00\ub9ac\uc2dc\uc2a4\ud504\ub9c1\uc5b4\uc2a4\ud30c\ub2c8\uc5d8": 1214, "\uc789\uae00\ub9ac\uc2dc\ucf54\uce74\uc2a4\ud398\ub2c8\uc5d8": 1215, "\uc800\uba3c\ud540\uc154": 1216, "\uc9c4\ub3d7\uac1c (\uc9c4\ub3c4)": 1217, "\uce74\uc774\uacac (\uce74\uc774)": 1218, "\ucf00\ub9ac\ube14\ub8e8\ud14c\ub9ac\uc5b4": 1219, "\ucf00\uc774\uc2a4\ud63c\ud2b8": 1220, "\ud2f0\ubca0\ud0c4\ud14c\ub9ac\uc5b4": 1221, "\ud3f4\ub9ac\uc2dc\ub864\ub7f0\ub4dc\uc27d\ub3c5": 1222, "\ud480\ub9ac": 1223, "\ud504\ub79c\uce58\ubd88\ub3c5": 1224, "\ud504\ud2f0\ubc14\uc138\uadf8\ub9ac\ud401\ubc29\ub315": 1225, "\ud64b\uce74\uc774\ub3c4\uacac (\ud638\uce74\uc774\ub3c4)": 1226, "\ud718\ud54f (\ud718\ud3ab)": 1227, "\ud53c\ub808\ub2c8\uc548\uc27d\ub3c5": 1228, "\uace8\ub4e0\ub9ac\ud2b8\ub9ac\ubc84": 1301, "\uadf8\ub808\uc774\ud2b8\ub374": 1302, "\uadf8\ub808\uc774\ud2b8\ud53c\ub808\ub2c8\uc988": 1303, "\uae30\ud0c0D/\ubbf9\uc2a4\uacac (25kg \ucd08\uacfc 35kg \uc774\ud558)": 1304, "\uae30\ud0c0E/\ubbf9\uc2a4\uacac (35kg \ucd08\uacfc)": 1305, "\ub098\ud3f4\ub9ac\ud0c4\ub9c8\uc2a4\ud2f0\ud504": 1306, "\ub274\ud380\ub4e4\ub79c\ub4dc": 1307, "\ub2ec\ub9c8\uc2dc\uc548": 1308, "\ub3c4\ubca0\ub974\ub9cc (\ub3c4\ubca0\ub974\ub9cc\ud540\uc154)": 1309, "\ub3c4\uc0ac\uacac": 1310, "\ub77c\ube0c\ub77c\ub3c4\ub9ac\ud2b8\ub9ac\ubc84": 1311, "\ub85c\ud2b8\uc640\uc77c\ub7ec(\ub86f\ud2b8\ubc14\uc77c\ub7ec)": 1312, "\ub9c8\uc2a4\ud2f0\ud504": 1313, "\ubc14\uc14b\ud558\uc6b4\ub4dc": 1314, "\ubc84\ub2c8\uc988\ub9c8\uc6b4\ud2f4\ub3c5": 1315, "\ubcfc\uc870\uc774": 1316, "\ubcf5\uc11c": 1317, "\ubd88\ub9c8\uc2a4\ud2f0\ud504": 1318, "\ubd88\ub3c5": 1319, "\uc0ac\ubaa8\uc608\ub4dc": 1320, "\uc0b4\ub8e8\ud0a4": 1321, "\uc138\uc778\ud2b8\ubc84\ub098\ub4dc": 1322, "\uc2a4\ud0e0\ub2e4\ub4dc\ud478\ub4e4": 1323, "\uc2dc\ubca0\ub9ac\uc548\ud5c8\uc2a4\ud0a4": 1324, "\uc544\uba54\ub9ac\uce78\ud54f\ubd88\ud14c\ub9ac\uc5b4": 1325, "\uc544\uc774\ub9ac\uc2dc\uc138\ud130": 1326, "\uc544\uc774\ub9ac\uc2dc\uc6b8\ud504\ud558\uc6b4\ub4dc": 1327, "\uc544\ud0a4\ub2e4": 1328, "\uc544\ud504\uac04\ud558\uc6b4\ub4dc": 1329, "\uc54c\ub77c\uc2a4\uce78\ub9d0\ub77c\ubba4\ud2b8": 1330, "\uc5d0\uc5b4\ub378\ud14c\ub9ac\uc5b4": 1331, "\uc624\uc2a4\ud2b8\ub810\ub9ac\uc548\uc138\ud37c\ub4dc": 1332, "\uc62c\ub4dc\uc789\uae00\ub9ac\uc2dc\uc27d\ub3c5": 1333, "\uc640\uc774\ub9c8\ub9ac\ub108": 1334, "\uc800\uba3c\uc170\ud37c\ub4dc": 1335, "\ud2f0\ubca0\ud0c4\ub9c8\uc2a4\ud2f0\ud504": 1336, "\ud48d\uc0b0\uacac": 1337, "\ud50c\ub7ab\ucf54\ud2f0\ub4dc\ub9ac\ud2b8\ub9ac\ubc84": 1338, "\ud654\uc774\ud2b8\uc170\ud37c\ub4dc\ub3c4\uadf8": 1339, "\ubbf9\uc2a4\uacac(20kg \uc774\uc0c1 45kg \ubbf8\ub9cc)": 1340, "\ubbf9\uc2a4\uacac(45kg\uc774\uc0c1)": 1341, "\uac00\uc2a4\ucf69\uc0dd\ud1b5\uc8fc\uc544": 1401, "\uac08\uace0\uc5d0\uc2a4\ud30c\ub1e8\ub974": 1402, "\uace0\ub4e0\uc138\ud130": 1403, "\uace8\ub4e0\ub450\ub4e4": 1404, "\uadf8\ub808\uc774\ud130\uc2a4\uc704\uc2a4\ub9c8\uc6b4\ud2f4\ub3c4\uadf8": 1405, "\uadf8\ub808\uc774\ud558\uc6b4\ub4dc": 1406, "\uadf8\ub9ac\ud401\ubc29\ub385": 1407, "\uadf8\ub9ad\ud5e4\uc5b4\ud558\uc6b4\ub4dc": 1408, "\uadf8\ub9b0\ub79c\ub4dc\ub3c4\uadf8": 1409, "\uae00\ub80c\uc624\ube0c\uc774\ub9d0\ud14c\ub9ac\uc5b4": 1410, "\uae30\uc8fc\uacac": 1411, "\ub178\ub974\ubcf4\ud150\uc2a4\ud53c\uce20": 1412, "\ub178\ub974\uc6e8\uc774\uc5d8\ud06c\ud558\uc6b4\ub4dc": 1413, "\ub178\ub974\uc6f0\uc9c0\uc548\ubd80\ud6c8\ud2b8": 1414, "\ub178\ubc14\uc2a4\ucf54\uc154\ub355\ud1a8\ub9c1\ub9ac\ud2b8\ub9ac\ubc84": 1415, "\ub274\uae30\ub2c8\uc544\uc2f1\uc789\ub3c4\uadf8": 1416, "\ub300\ub2c8\uc26c\ube0c\ub85c\ud640\uba38 (\ub300\ub2c8\uc26c \ub9c8\uc2a4\ud2f0\ud504)": 1417, "\ub354\uce58\uc170\ud37c\ub4dc": 1418, "\ub354\uce58\uc2a4\ubb34\uc200\ub4dc": 1419, "\ub358\ucee4": 1420, "\ub3c4\uace0\uc544\ub974\uc820\ud2f0\ub178": 1421, "\ub3c4\uadf8\ub4dc\ubcf4\ub974\ub3c4": 1422, "\ub3c4\uc774\uce58\ube0c\ub77c\ucf00": 1423, "\ub3d9\uacbd\uacac (\uacbd\uc8fc\uac1c)": 1424, "\ub4dc\ub808\ubc84": 1425, "\ub4dc\ub80c\uccb4\ud30c\ud2b8\ub9ac\uc8e4\ub4dc": 1426, "\ub529\uace0": 1427, "\ub77c\uace0\ud1a0\ub85c\ub9c8\uadf8\ub180\ub85c": 1428, "\ub77c\ud2b8\ube44\uc548\ud558\uc6b4\ub4dc": 1429, "\ub77c\ud398\uc774\ub85c\ub3c4\uc54c\ub80c\ud14c\uc870 (\ud3ec\ub8e8\ud22c\uae30\uc2a4 \ub9c8\uc2a4\ud2f0\ud504)": 1430, "\ub77c\ud504\ud6c8\ud2b8": 1431, "\ub7a9\ud540\ud3ec\ub85c\ucf54\uc774\ub77c": 1432, "\ub7ab\ud14c\ub9ac\uc5b4": 1433, "\ub7ad\uce74\uc154\ud790\ub7ec": 1434, "\ub7ec\uc140\ud14c\ub9ac\uc5b4": 1435, "\ub7ec\uc2dc\uc548\uc2a4\ud30c\ub2c8\uc5d8": 1436, "\ub7ec\uc2dc\uc548\ud1a0\uc774 (\ub7ec\uc2dc\uc548\ud1a0\uc774\ud14c\ub9ac\uc5b4)": 1437, "\ub7ec\uc2dc\uc548\ud558\uc6b4\ub4dc": 1438, "\ub7ec\uc2dc\uc548\ud560\ub9ac\ud038\ud558\uc6b4\ub4dc": 1439, "\ub7ec\ud504\ucf5c\ub9ac": 1440, "\ub808\ub4dc\ubcf8\ucfe4\ud558\uc6b4\ub4dc": 1441, "\ub808\uc628\ubca0\ub974\uac70": 1442, "\ub80c\ub4dc\uc2dc\uc5b4": 1443, "\ub85c\ub514\uc9c0\uc544\ub9ac\uc9c0\ubc31 (\ub85c\ub514\uc9c0\uc548\ub9ac\uc988\ubc31)": 1444, "\ub85c\uccb8": 1445, "\ub8ec\ub370\ud6c8\ud2b8": 1446, "\ub974\ubca0\uc2a4\ud06c": 1447, "\ub9ac\ud2b8\uc544\ub2c8\uc548\ud558\uc6b4\ub4dc": 1448, "\ub9c8\ub818\ub9c8\uc27d\ub3c5": 1449, "\ub9c8\ub974\ud0a4\uc26c\uc5d0": 1450, "\ub9c8\uc7c8\ub974\uc544\uac00\ub974": 1451, "\ub9d0\ud2f0\ud478": 1452, "\ub9e8\uccb4\uc2a4\ud130\ud14c\ub9ac\uc5b4": 1453, "\ubaa8\uc2a4\ud06c\ubc14\uc640\uce58\ub3c4\uadf8": 1454, "\ubba8\uc2a4\ud130\ub79c\ub4dc": 1455, "\ubbf8\ub4e4\uc544\uc2dc\uc548\uc624\ube0c\ucc28\uce74": 1456, "\ubc14\ubc14\ub9ac\uc548\ub9c8\uc6b4\ud2f4\ud558\uc6b4\ub4dc": 1457, "\ubc14\ubca0\ud2b8": 1458, "\ubc14\uc14b\uc544\ub974\ud14c\uc9c0\uc548\ub178\ub974\ub9cc": 1459, "\ubc14\uc2a4\ucf54\ud0c0\uc2a4\ud3ab\uce20 (\uc2a4\uc704\ub514\uc2dc \ubc1c\ud6c8\ud2b8)": 1460, "\ubc1c\ub9ac\ub9c8\uc6b4\ud2f4\ub3c4\uadf8 (\ud0a8\ud0c0\ub9c8\ub2c8)": 1461, "\ubca0\ub974\uc81c\ub4dc\ud53c\ub808\ub124\uc988": 1462, "\ubca0\ub974\uc81c\ub4dc\ud53c\uce74\ub974": 1463, "\ubca8\uac00\ub9c8\uc2a4\ucf54": 1464, "\ubca8\uae30\uc5d0\uadf8\ub85c\ub128\ub2ec": 1465, "\ubca8\uae30\uc5d0\ub77c\ucf00\ub178\uc774\uc988": 1466, "\ubca8\uae30\uc5d0\ub9d0\ub9ac\ub178\uc774\uc988": 1467, "\ubca8\uae30\uc5d0\uc27d\ub3c5": 1468, "\ubca8\uae30\uc548\ud130\ube0c\ub80c": 1469, "\ubca8\uc9c0\uc548\uadf8\ub9ac\ud401": 1470, "\ubcf4\ub354\ud14c\ub9ac\uc5b4": 1471, "\ubcf4\uc2a4\ub871 (\ubca0\ub974\uc81c\ub4dc\ubcf4\uc2a4)": 1472, "\ubcf4\uc5b4\ubcf4\uc5d8 (\ubcf4\ubcfc, \ub0a8\uc544\ud504\ub9ac\uce74 \ub9c8\uc2a4\ud2f0\ud504)": 1473, "\ubcf4\uc774\ud0a8\uc2a4\ud30c\ub2c8\uc5d8": 1474, "\ubcfc\ud53c\ub178\uc774\ud0c8\ub9ac\uc544\ub178": 1475, "\ubd80\ube44\uc5d0\ub370\ud50c\ub791\ub4dc\ub974": 1476, "\ube0c\ub77c\uaf2c\uc774\ud0c8\ub9ac\uc544\ub178": 1477, "\ube0c\ub77c\ud06c\ub2e4\ub9ac\uc5d0\uc950": 1478, "\ube0c\ub77c\ud06c\ub3c4\ubca0\ub974\ub274": 1479, "\ube0c\ub77c\ud06c\ub4a4\ubd80\ub974\ubcf4\ub124": 1480, "\ube0c\ub77c\ud06c\ub4a4\ud4cc\uc774 (\ube0c\ub77c\ud06c \ud504\ub791\uc138)": 1481, "\ube0c\ub77c\ud06c\uc0dd\uc81c\ub974\ub9f9": 1482, "\ube0c\ub9ac\uc544\ub4dc": 1483, "\ube14\ub799\ub7ec\uc2dc\uc548\ud14c\ub9ac\uc5b4": 1484, "\ube14\ub799\uc564\ub4dc\ud0c4\ucfe4\ud558\uc6b4\ub4dc": 1485, "\ube14\ub7ec\ub4dc\ud558\uc6b4\ub4dc": 1486, "\ube14\ub8e8\ub4dc\uac00\uc2a4\ucf54\ub274": 1487, "\ube14\ub8e8\ud2f1\ucfe4\ud558\uc6b4\ub4dc": 1488, "\ube44\uae00\ud574\ub9ac\uc5b4": 1489, "\ube44\uc990\ub77c": 1490, "\ube4c\ub9ac": 1491, "\uc0ac\ub974\ub85c\uc2a4\uc6b8\ud504\ud558\uc6b4\ub4dc": 1492, "\uc0ac\ubd80\uc5d0\uc18c\uc5d0\uc18c\ud30c\ub1f0": 1493, "\uc0ac\uc6b0\uc2a4\ub7ec\uc2dc\uc548\uc624\ube0c\ucc28\uce74": 1494, "\uc0ac\ud50c\ub77c\ub2c8\ub099": 1495, "\uc0ad\ud39c\ub3c4\uc2a4": 1496, "\uc0e4\ud398\uc774 (\ucc28\uc774\ub2c8\uc988\uc0e4\ud398\uc774)": 1497, "\uc11c\uc139\uc2a4\uc2a4\ud30c\ub2c8\uc5d8": 1498, "\uc138\uad6c\uc9c0\uc624\uc774\ud0c8\ub9ac\uc544\ub178": 1499, "\uc170\ud130": 1500, "\uc18c\ud504\ud2b8\ucf54\ud2f0\ub4dc\ud718\ud2bc\ud14c\ub9ac\uc5b4": 1501, "\uc1fc\ub85c\uc774\uce20\ud038\ud2c0\ub9ac": 1502, "\uc288\ub098\uc6b0\uc838": 1503, "\uc2a4\ubb34\uc2a4\ucf5c\ub9ac": 1504, "\uc2a4\uc704\uc2a4\ud558\uc6b4\ub4dc": 1505, "\uc2a4\uccbc\uc2a4\ud1f4\ubc14\ub808": 1506, "\uc2a4\uce74\uc774\ud14c\ub9ac\uc5b4": 1507, "\uc2a4\ucf54\ud2f0\uc2dc\ub514\uc5b4\ud558\uc6b4\ub4dc": 1508, "\uc2a4\ud14c\ube44\ud6c8": 1509, "\uc2a4\ud2b8\ub810\ub8e8\ud504\uc2a4\ud1f4\ubc14\ub808": 1510, "\uc2a4\ud2f0\uccbc\ud560": 1511, "\uc2a4\ud2f8\ub9ac\uc548\ub9c8\uc6b4\ud2f4\ud558\uc6b4\ub4dc": 1512, "\uc2a4\ud398\ub2c8\uc26c\ub9c8\uc2a4\ud2f0\ud504": 1513, "\uc2a4\ud398\ub2c8\uc26c\ud3ec\uc778\ud130": 1514, "\uc2a4\ud53c\ub178\ub124\uc774\ud0c8\ub9ac\uc544\ub178": 1515, "\uc2a4\ud53c\uce20": 1516, "\uc2ac\ub85c\ubc14\ud06c\ucfe0\ubc14": 1517, "\uc2ac\ub85c\ubc14\ud0a4\uc548\ud558\uc6b4\ub4dc": 1518, "\uc2ac\ub8e8\uae30": 1519, "\uc2dc\ub974\ub124\ucf54\ub378\ub808\ud2b8\ub098": 1520, "\uc2dc\ubca0\ub9ac\uc548\ub77c\uc774\uce74": 1521, "\uc2dc\uc5e5\ud504\ub791\uc138\uc988": 1522, "\uc2dc\ucf54\ucfe0 (\uc2dc\uaf2c\uafb8)": 1523, "\uc2e4\ud0a4\ud14c\ub9ac\uc5b4": 1524, "\uc544\ub098\ud1a8\ub9ac\uc544\uc170\ud37c\ub4dc\ub3c4\uadf8": 1525, "\uc544\ub974\ud22c\uc544\ud558\uc6b4\ub4dc (\uc2dc\uc5e5\ub2e4\ub974\ud22c\uc544)": 1526, "\uc544\ub9ac\uc5d0\uc96c\uc544": 1527, "\uc544\uba54\ub9ac\uce78\ubd88\ub3c5": 1528, "\uc544\uba54\ub9ac\uce78\ubd88\ub9ac": 1529, "\uc544\uba54\ub9ac\uce78\ube14\ub799\uc564\ucfe4\ud558\uc6b4\ub4dc": 1530, "\uc544\uba54\ub9ac\uce78\uc6cc\ud130\uc2a4\ud30c\ub2c8\uc5d8": 1531, "\uc544\uba54\ub9ac\uce78\ud3ed\uc2a4\ud558\uc6b4\ub4dc": 1532, "\uc544\uc774\ub204\uacac": 1533, "\uc544\uc774\ub9ac\uc2dc\ub808\ub4dc\uc564\ud654\uc774\ud2b8\uc138\ud130": 1534, "\uc544\uc774\ub9ac\uc2dc\uc6cc\ud130\uc2a4\ud30c\ub2c8\uc5d8": 1535, "\uc544\uc774\ub9ac\uc2dc\uc7ad\ub7ec\uc140\ud14c\ub9ac\uc5b4": 1536, "\uc544\uc774\uc2ac\ub780\ub4dc\ub3c4\uadf8": 1537, "\uc544\uc790\uc640\ud06c": 1538, "\uc544\ud06c\ubc14\uc2dc\ub3c4\uadf8": 1539, "\uc544\ud39c\uc824\ub7ec": 1540, "\uc544\ud39c\ud540\uc154": 1541, "\uc54c\ub798\uc2a4\uce78\ud074\ub9ac\uce74\uc774": 1542, "\uc54c\ud540\ub2e5\uc2a4\ube0c\ub77c\ucf00": 1543, "\uc575\uae00\ub85c\ud504\ub791\uc138\uc988": 1544, "\uc5d0\uc2a4\ud0a4\ubaa8\ub3c4\uadf8": 1545, "\uc5d0\uc2a4\ud1a0\ub2c8\uc544\ud558\uc6b4\ub4dc": 1546, "\uc5d0\uc2a4\ud2b8\ub810\ub77c\ub9c8\uc6b4\ud2f4\ub3c4\uadf8": 1547, "\uc5d0\uc774\ub514 (\uc2dc\uc575\ub4dc\ub77c\ud2c0\ub77c\uc2a4)": 1548, "\uc5d0\ud30c\ub274\uc5d8\ud30c\uce74\ub974\ub514": 1549, "\uc5d0\ud53c\ub274\uc5d8\ud401\uc624\ub4dc\uba54": 1550, "\uc5d0\ud53c\ub274\uc5d8\ud504\ub791\uc138": 1551, "\uc5d4\ud154\ubd80\uccd0": 1552, "\uc5d8\ud06c\ud558\uc6b4\ub4dc": 1553, "\uc624\uc2a4\ud2b8\ub808\uc77c\ub9ac\uc548\ucf08\ud53c": 1554, "\uc624\uc2a4\ud2b8\ub808\uc77c\ub9ac\uc5b8\ud14c\ub9ac\uc5b4": 1555, "\uc624\uc2a4\ud2b8\ub9ac\uc544\ube0c\ub79c\ub4e4\ube0c\ub77c\ucf00": 1556, "\uc624\uc2a4\ud2b8\ub9ac\uc544\uc20f\ud2b8\ud5e4\uc5b4\ub4dc\ud540\uc154": 1557, "\uc624\uc6b0\uc9dc\ub809\ud3ec\ub4dc\ud560\uc548\uc2a4\ud0a4": 1558, "\uc624\ud130\ud558\uc6b4\ub4dc": 1559, "\uc62c\ub4dc\ub370\ub2c8\uc26c\ubc84\ub4dc\ub3c4\uadf8": 1560, "\uc62c\ub4dc\uc789\uae00\ub9ac\uc2dc\ubd88\ub3c5": 1561, "\uc640\uc774\uc5b4\ud5e4\uc5b4\ub4dc\ud3ec\uc778\ud305\uadf8\ub9ac\ud380": 1562, "\uc6e8\uc2a4\ud2b8\ud314\ub77c\uc548\ub2e5\uc2a4\ube0c\ub77c\ucf00": 1563, "\uc6e8\ud130\ud6c8": 1564, "\uc6f0\uc2dc\uc2a4\ud504\ub9c1\uc5b4\uc2a4\ud30c\ub2c8\uc5d8": 1565, "\uc720\uace0\uc2ac\ub77c\ube44\uc548\ud558\uc6b4\ub4dc": 1566, "\uc720\ub77c\uc2dc\uc548": 1567, "\uc774\ube44\uc804 \ud558\uc6b4\ub4dc": 1568, "\uc774\uc2a4\ud2b8\ub7ec\uc2dc\uc548\ucf54\uc624\uc2f1\ud558\uc6b4\ub4dc": 1569, "\uc789\uae00\ub9ac\uc2dc\uc138\ud130": 1570, "\uc789\uae00\ub9ac\uc2dc\uc170\ud37c\ub4dc": 1571, "\uc789\uae00\ub9ac\uc2dc\ucfe4\ud558\uc6b4\ub4dc": 1572, "\uc789\uae00\ub9ac\uc2dc\ud1a0\uc774\uc2a4\ud30c\ub2c8\uc5d8": 1573, "\uc789\uae00\ub9ac\uc2dc\ud3ec\uc778\ud130": 1574, "\uc789\uae00\ub9ac\uc2dc\ud3ed\uc2a4\ud558\uc6b4\ub4dc": 1575, "\uc789\uce74\ud5e4\uc5b4\ub9ac\uc2a4\ub3c4\uadf8 (\ud398\ub8e8\ube44\uc548\uc789\uce74\uc624\ud0a4\ub4dc)": 1576, "\uc790\uc774\uc5b8\ud2b8\uc288\ub098\uc6b0\uc800": 1577, "\uc7a5\ubaa8\uce58\uc640\uc640": 1578, "\uc800\uba3c\ub871\ud5e4\uc5b4\ub4dc\ud3ec\uc778\ud130": 1579, "\uc800\uba3c\uc1fc\ud2b8\ud5e4\uc5b4\ub4dc\ud3ec\uc778\ud130": 1580, "\uc800\uba3c\uc2a4\ud30c\ub2c8\uc5d8 (\ub3c4\uc774\uccb4\ub974\ubc14\ud750\ud154\ud6c8\ud2b8)": 1581, "\uc800\uba3c\uc2a4\ud53c\uce20": 1582, "\uc800\uba3c\uc640\uc774\uc5b4\ud5e4\uc5b4\ub4dc\ud3ec\uc778\ud130": 1583, "\uc800\uba3c\ud3ec\uc778\ud130": 1584, "\uc800\uba3c\ud5cc\ud2b8\ud14c\ub9ac\uc5b4": 1585, "\uc81c\ud398\ub2c8\uc988\ubbf8\ub4e4\uc0ac\uc774\uc988\ub3c4\uadf8": 1586, "\ucc28\uc6b0\ucc28\uc6b0": 1587, "\uccb4\uc11c\ud53c\ud06c\ubca0\uc774\ub9ac\ud2b8\ub9ac\ubc84": 1588, "\uccb4\uc2a4\ud0a4\ud14c\ub9ac\uc5b4": 1589, "\uccb4\uc2a4\ud0a4\ud3ec\uc139": 1590, "\uccb4\ucf54\uc6b8\ud504\ub3c5": 1591, "\ucf00\uc778\ucf54\ub974\uc18c (\uce74\ub124\ucf54\ub974\uc18c)": 1592, "\uce74\ub808\ub9ac\uc5b8\ubca0\uc5b4\ub77c\uc774\uce74": 1593, "\uce74\ub810\ub85c-\ud53c\ub2c8\uc26c\ub77c\uc774\uce74": 1594, "\uce74\uc624\ub2e4\uc138\ub77c\ub370\uc544\uc774\ub808\uc2a4": 1595, "\uce74\uc624\ub370\uce74\uc2a4\ud2b8\ub85c\ub77c\ubcf4\ub808\uc774\ub85c": 1596, "\uce74\ud0c8\ub780\uc27d\ub3c5": 1597, "\uce89\uac08\ub3c4\uadf8 (\uce89\uac08)": 1598, "string": 1599, "\ucf00\ub2c8\uc2a4\ud32c\ub354": 1600, "\ucf00\uc774\ub10c\ub3c4\uadf8": 1601, "\ucf54\ubaac\ub3c4\ub974": 1602, "\ucf54\uce74\uc2dc\uc548\uc624\ube0c\ucc28\uce74": 1603, "\ucf5c\ub9ac": 1604, "\ucfe0\ubc14\uc2a4": 1605, "\ud06c\ub77c\uc2a4\ud0a4\uc624\ube0c\uce74": 1606, "\ud06c\ub85c\uc544\ud2f0\uc548\uc27d\ub3c5": 1607, "\ud06c\ub86c\ud3ec\ud758\ub8b4\ub354": 1608, "\ud074\ub7fc\ubc84\uc2a4\ud30c\ub2c8\uc5d8": 1609, "\ud154\ub85c\ubbf8\uc5b8": 1610, "\ud1a0\uc774\ud3ed\uc2a4\ud14c\ub9ac\uc5b4": 1611, "\ud2b8\ub79c\uc2e4\ubc14\ub2c8\uc548\ud558\uc6b4\ub4dc": 1612, "\ud2b8\ub9c1\uc6cc\ucee4\ucfe4\ud558\uc6b4\ub4dc": 1613, "\ud2f0\ub864\ub7ec\ube0c\ub77c\ucf00": 1614, "\ud30c\ub77c\uc624\ud558\uc6b4\ub4dc": 1615, "\ud30c\uc2a8\ub7ec\uc140\ud14c\ub9ac\uc5b4": 1616, "\ud3ec\ub974\uc140\uc5d4": 1617, "\ud3ec\ub974\ud22c\uac08\uc6cc\ud130\ub3c4\uadf8": 1618, "\ud3ec\ube0c\ub4dc\ube0c\ub974\ud0c0\ub274": 1619, "\ud3ec\uc778\ud130": 1620, "\ud3ed\uc2a4\ud14c\ub9ac\uc5b4(\uc2a4\ubb34\ub4dc)": 1621, "\ud3f4\ub9ac\uc26c\uadf8\ub808\uc774\ud558\uc6b4\ub4dc": 1622, "\ud3f4\ub9ac\uc26c\ud558\uc6b4\ub4dc": 1623, "\ud3fc\uc2a4\ud0a4": 1624, "\ud3fc\ud53c\uce20": 1625, "\ud478\ub378\ud3ec\uc778\ud130": 1626, "\ud478\ubbf8": 1627, "\ud504\uc640\ud2b8\ubc45": 1628, "\ud504\ud2f0\ube0c\ub77c\ubc18\uc211": 1629, "\ud50c\ub86f\ud558\uc6b4\ub4dc": 1630, "\ud53c\ub2c8\uc26c\ud558\uc6b4\ub4dc": 1631, "\ud53c\ub2c8\uc2dc\uc2a4\ud53c\uce20": 1632, "\ud53c\ub808\ub2c8\uc548\ub9c8\uc2a4\ud2f0\ud504": 1633, "\ud544\ub4dc\uc2a4\ud30c\ub2c8\uc5d8": 1634, "\ud544\ub77c\ube0c\ub77c\uc9c8\ub808\uc774\ub85c": 1635, "\ud558\uc774\uc820\ud6c8\ud2b8": 1636, "\ud560\ub378\uc2a4\ud1f4\ubc14\ub808": 1637, "\ud574\ub9ac\uc5b4": 1638, "\ud574\ubc00\ud1a4\uc2a4\ud1f4\ubc14\ub808": 1639, "\ud5c8\ubc30\ub108\uc2a4": 1640, "\ud638\ub974\ud0c0\uc774": 1641, "\ud638\ubc14\uc640\ud2b8": 1642, "\uc2a4\ud0dc\ud37c\ub4dc\uc154\ubd88\ud14c\ub9ac\uc5b4_\uc7a1\uc885": 1643, "\uc544\uba54\ub9ac\uce78\uc2a4\ud0dc\ud37c\ub4dc\uc154\ud14c\ub9ac\uc5b4_\uc7a1\uc885": 1644, "\ub3c4\uc0ac\uacac_\uc7a1\uc885": 1645, "\ub85c\ud2b8\uc640\uc77c\ub7ec(\ub86f\ud2b8\ubc14\uc77c\ub7ec)_\uc7a1\uc885": 1646, "\uc544\uba54\ub9ac\uce78\ud54f\ubd88\ud14c\ub9ac\uc5b4_\uc7a1\uc885": 1647, "\uad50\uc7a1\uc885": 1648, "\ubbf8\ud154\uc2a4\ud53c\uce20": 1649, "\ud074\ub77c\uc778\uc2a4\ud53c\uce20": 1650, "\uaf2c\ub625\ub4dc\ub618\ub808\uc544": 1651, "\uae30\uc96c": 1652}